Fund Name,P1,P2,P3,P4,P5,Performance,Rank
M1,0.75,0.56,5.8,40.9,12.0,0.36130459774495427,7
M2,0.85,0.72,5.0,70.0,19.14,0.5247385911180021,3
M3,0.72,0.52,4.3,37.9,10.86,0.43590794293147855,6
M4,0.81,0.66,5.3,66.2,18.24,0.4700168217730534,5
M5,0.71,0.5,3.0,69.8,18.5,0.5276213951487214,2
M6,0.86,0.74,4.8,54.8,15.3,0.5461811315366607,1
M7,0.9,0.81,5.2,37.4,11.08,0.5244329343013886,4
M8,0.68,0.46,5.1,45.5,12.94,0.34065588686279485,8
